{"total_used_pitch": [[22.07], [5.254055576409522], 0.8854273888204517], 
"pitch_range": [[41.13], [8.432858352895536], 0.8380436124030604], 
"avg_pitch_shift": [[11.275274711005896], [3.836697601710693], 0.8931545295928873], 
"avg_IOI": [[0.13137195199977034], [0.03439079531748018], 0.7726443410458376], 
"total_used_note": [[81.85], [24.691040885308983], 0.7539849686257466], 
"bar_used_note": [[[10.24], [10.15], [10.2], [10.27], [10.6], [10.5], [10.28], [9.61]], [[3.6031097679643356], [3.601041516006167], [3.331666249791536], [4.002136929191704], [3.82883794381533], [4.186884283091665], [4.363668181702179], [4.814343153536109]], 0.7219098221656013], 
"total_pitch_class_histogram": [[0.16319533791902752, 0.009379056151424241, 0.15634017057644642, 0.01947229916019289, 0.10459095046657475, 0.07608621895740103, 0.03395349719262657, 0.20170897598275314, 0.019297885417120627, 0.1029102622417975, 0.018504674615838643, 0.0945606713187966], [0.09274116247354695, 0.02499219058803003, 0.07107866100083403, 0.040694674424032365, 0.06948405537585915, 0.07390741703857219, 0.04621102177686543, 0.1265156886124418, 0.033262803950166724, 0.06910145152649612, 0.03782958582191697, 0.05751545395448669], 0.8103601049295788], 
"note_length_hist": [[0.03411632867857187, 0.09507104957008387, 0.3398798119654059, 0.43133632126048604, 0.0692784166175024, 0.009247755965803569, 0.01468609627468468, 0.0027560700168785856, 0.00015384615384615385, 0.001480615190888373, 0.0005155844155844155, 0.0014781038902637084], [0.08207460910728775, 0.09272963771429893, 0.1883458373968425, 0.19525535251586587, 0.07568811758310828, 0.017652843670361802, 0.027636019106393704, 0.008998076711650562, 0.0015307499032409556, 0.010807348699743233, 0.0031957793362281314, 0.004171750273963344], 0.6379832332654469], 
"pitch_class_transition_matrix": [[[3.92, 0.07, 4.15, 0.36, 2.04, 2.03, 0.49, 2.92, 0.27, 1.78, 0.67, 3.22], [0.01, 0.28, 0.43, 0.03, 0.14, 0.12, 0.16, 0.13, 0.01, 0.12, 0.07, 0.19], [4.63, 0.33, 3.92, 0.34, 2.42, 1.56, 0.7, 3.67, 0.48, 1.39, 0.52, 2.39], [0.47, 0.04, 0.43, 0.29, 0.31, 0.1, 0.18, 0.5, 0.03, 0.1, 0.08, 0.16], [1.89, 0.08, 3.19, 0.3, 1.92, 1.74, 0.77, 1.57, 0.32, 1.65, 0.2, 1.1], [1.79, 0.05, 1.79, 0.17, 2.19, 1.98, 0.05, 2.51, 0.44, 0.75, 0.23, 1.07], [0.27, 0.18, 0.62, 0.17, 0.89, 0.02, 0.57, 1.69, 0.08, 0.52, 0.11, 0.6], [3.74, 0.14, 3.37, 0.35, 2.18, 2.27, 1.51, 5.11, 0.35, 2.3, 0.38, 2.02], [0.39, 0.03, 0.42, 0.03, 0.19, 0.44, 0.05, 0.29, 0.34, 0.71, 0.03, 0.48], [1.28, 0.12, 1.72, 0.1, 1.18, 0.88, 0.43, 3.41, 0.47, 1.5, 0.33, 1.61], [0.32, 0.09, 0.33, 0.19, 0.09, 0.24, 0.06, 0.39, 0.08, 0.52, 0.42, 0.04], [2.85, 0.15, 1.85, 0.18, 1.62, 0.83, 0.31, 1.86, 0.39, 2.29, 0.05, 1.41]], [[5.16852009766819, 0.2917190429162963, 4.226996569669769, 1.1271202242884284, 2.821063629200874, 2.9981827829537013, 1.0439827584783186, 3.0714166112723946, 0.8468175718535846, 2.1334479135896443, 1.6189811611010179, 2.8234022030167787], [0.09949874371066193, 1.3272528018429635, 1.0320368210485513, 0.221585198061603, 0.6483826030978929, 0.4955804677345538, 0.9971960689854319, 0.6878226515607057, 0.09949874371066196, 0.5153639490690045, 0.32419130154894643, 1.0741973747873352], [3.827936781087168, 0.8950418984606252, 6.249287959439858, 1.0316976301223146, 3.3561287222036054, 3.8034720979652255, 1.3747727084867518, 4.915394185617262, 1.5651198037211085, 1.9641537618017584, 1.6216041440499585, 2.820975008751406], [1.4591435844357472, 0.24166091947189128, 1.1937755232873555, 0.8865100112237881, 1.0926573113286733, 0.3872983346207414, 0.6384355879804952, 1.3379088160259651, 0.1705872210923197, 0.41231056256176607, 0.33704599092705423, 0.6118823416311333], [2.5373017163908584, 0.4621688003316532, 4.034092215108622, 1.3000000000000012, 2.4644674881198987, 2.6706553502838966, 1.9123545696339874, 2.268281287671351, 0.835224520712845, 2.1880356487041084, 0.7071067811865471, 1.8411952639521965], [2.7542512594169763, 0.40926763859362303, 3.6695912578923555, 0.7078841713161836, 2.968821314932915, 4.737045492709561, 0.21794494717703375, 3.8897172133716866, 1.7281203661782367, 1.5386682553429119, 0.8468175718535839, 2.3032802695286576], [0.7855571271397128, 1.1694443124834963, 1.214742771124817, 0.6936137253543936, 2.505573786580631, 0.1399999999999999, 1.779072792215093, 2.9006723358559463, 0.3655133376499408, 1.0342146779078312, 0.5982474404458403, 1.2409673645990866], [4.0954120671795655, 0.6327716807822538, 4.480301329151867, 0.898610037780572, 2.7180139808323283, 3.068729378749453, 2.6776668948918907, 6.748177531748852, 1.7797471730557695, 3.138470965295043, 0.9877246579892599, 3.3346064235528625], [1.028542658327793, 0.17058722109231975, 1.6442627527253668, 0.17058722109232, 0.5948949487094343, 1.6511813952440244, 0.2958039891549803, 1.5766737138672686, 1.394417441084269, 1.8509186908127528, 0.17058722109231975, 1.5967466924969664], [1.9446336415890764, 0.45343136195018474, 2.577130186855138, 0.3605551275463987, 2.031649576083435, 1.7278888853164156, 0.9407975340103731, 4.176350081111495, 1.2763620176109916, 2.080865204668481, 1.1493911431710273, 2.327638288050787], [1.038075141788879, 0.3491418050019218, 1.0682228231974829, 0.8086408349817613, 0.4493328387732192, 0.7761443164772905, 0.2764054992217046, 1.2719669807035077, 0.41665333311999286, 1.3526270735128725, 1.365137355726522, 0.27999999999999986], [3.545066995135633, 0.8046738469715536, 2.747271373563231, 0.5546169849544816, 2.2216210297888335, 1.783563848030117, 0.913181252545191, 2.9428557558942647, 1.3333791658789305, 2.8923865578445773, 0.29580398915498085, 2.2409596158788747]], 0.3446613188800158],